1,Oracle
2,Amazon
3,Apple
4,Microsoft
5,Salesforce
6,Oath
7,Google
8,Netflix
9,Uber
10,eBay
11,Facebook
12,Linkedin
13,Adobe
14,LinkedIn
15,amazon
16,Symantec
17,Intel Corporation
18,Intel
19,Lyft
20,Sony
21,Yelp
22,SAP
23,VMWare
24,Twitter
25,Slack
26,Tableau Software
27,Cisco
28,Mixpanel
29,MICROSOFT
30,Airbnb
31,Dropbox
32,IBM
33,Walmart Labs
34,linkedin
35,facebook
36,Twilio
37,Qualcomm
38,Intercom
39,Tesla
40,Expedia
41,microsoft
42,GE Digital
43,Pinterest
44,Yahoo
45,Starbucks
46,Toyota Research Institute
47,Activision
48,PlayStation
49,Squarespace
50,Intuit
51,Blackbaud
52,CA Technologies
53,Citadel
54,Bloomberg
55,ThoughtWorks
56,Yandex
57,AWS
58,vmware
59,Capital One
60,Nike
61,Mckinsey & Company
62,Workday
63,Capital Group
64,Liberty Mutual
65,Splunk
66,Mutual of Omaha
67,Zendesk
68,samsung
69,Autodesk
70,Proofpoint
71,Northwestern Mutual
72,Box
73,SmartThings
74,BOOKING.COM
75,Credit Karma
76,Akamai
77,Hulu
78,VMware
79,PayPal
80,capital one
81,GrubHub
82,Homeaway
83,WeWork
84,Sony Interactive Entertainment
85,Roku
86,Cloudera
87,QUALCOMM
88,GE
89,Cisco Systems
90,Indeed
91,Shopify
92,Accenture
93,Nvidia
94,Groupon
95,Two Sigma
96,Snap
97,Square
98,Honeywell
99,Zillow
100,The Climate Corporation
101,Siemens
102,Electronic Arts
103,GoDaddy
104,Equinix
105,Reddit
106,LendingClub
107,MobileIron
108,T-Mobile
109,Goldman Sachs
110,Cruise
111,Booz Allen Hamilton
112,Qualtrics
113,Dell Technologies
114,google
115,Mic
116,akamai
117,Epam
118,UiPath
119,Marqeta
120,Luxoft
121,Qualcomm Inc
122,Northrop Grumman
123,Mi
124,qualcomm
125,National Instruments
126,Canonical
127,Wells Fargo
128,Epic Systems
129,Blizzard Entertainment
130,Bank of America
131,KAYAK
132,Lumen
133,Deloitte
134,Capgemini
135,Cornerstone OnDemand
136,Kroger
137,Fitbit
138,Guidewire
139,JPMorgan Chase
140,Sap Concur
141,Postmates
142,intel
143,Baidu
144,Atlassian
145,Udemy
146,Evernote
147,Flipkart
148,Coupa Software
149,Bank of America Merrill Lynch
150,Grab
151,NetApp
152,N/A
153,Wayfair
154,Boeing
155,TripAdvisor
156,Ernst and young
157,ebay
158,mi
159,Pure Storage
160,Veritas Technologies
161,TUNE
162,salesforce
163,ADP
164,Comcast
165,Citrix Systems Inc
166,Booking.com
167,Perspecta
168,Redfin
169,Foursquare
170,American Express
171,Quantcast
172,AT&T
173,SiriusXM
174,Rubrik
175,Viasat
176,CVS health
177,Delphix
178,OYO
179,ca technologies
180,Stryker
181,apple
182,broadcom
183,Ama
184,Arista Networks
185,Amadeus
186,Zscaler
187,Godaddy
188,NVIDIA
189,NerdWallet
190,Red Hat
191,Surveymonkey
192,Visa Inc
193,Avanade
194,Flexport
195,Rally Health
196,Pluralsight
197,Cognizant
198,Applovin
199,zendesk
200,Target
201,General Motors
202,ARUBA
203,Ubisoft
204,Zillow Group
205,Ticketmaster
206,Freshworks
207,Constant Contact
208,OpenText
209,Etsy
210,Stripe
211,DigitalOcean
212,Mozilla
213,NICE
214,GitHub
215,T. Rowe Price
216,Other
217,Qualcomm inc
218,Myntra
219,Tanium
220,Zocdoc
221,Barclays
222,Move
223,ServiceNow
224,Juniper Networks
225,Samsung
226,Coinbase
227,USAA
228,Sandia National Labs
229,VISA
230,Visa
231,HPE
232,Align Technology
233,Ancestry
234,SAS
235,Feedzai
236,SAIC
237,Cadence
238,Walmart
239,EPAM Systems
240,Nutanix
241,Datadog
242,Maxim Integrated
243,Disney
244,Spotify
245,Verizon
246,HomeAway
247,roku
248,Twitch
249,Broadcom
250,Startup
251,Infor
252,Docker
253,Quora
254,Samsara
255,Mailchimp
256,Chewy
257,Travelers
258,Under Armour
259,Cox Automotive
260,Compass
261,Magic Leap
262,Cloudflare
263,Morgan Stanley
264,Collins Aerospace
265,Chan Zuckerberg Initiative
266,Grubhub
267,SquareSpace
268,BOeing
269,Cambia Health Solutions
270,HP
271,ASML
272,sony interactive entertainment
273,Asurion
274,realtor.com
275,Hewlett Packard Enterprise
276,Palo Alto Networks
277,Shutterfly
278,Nextdoor
279,Pandora
280,DocuSign
281,HERE Technologies
282,SpaceX
283,oracle
284,Riot Games
285,Affirm
286,Medallia
287,Keysight
288,Applied Materials
289,Rover
290,Medium
291,Xero
292,Intuitive Surgical
293,UBS
294,The Walt Disney Company
295,EY
296,Axon
297,Cimpress
298,Alibaba
299,The Home Depot
300,yelp
301,Alteryx
302,Zynga
303,houzz
304,SoFi
305,McKinsey & Company
306,Western Digital
307,Ripple
308,zynga
309,Mellanox
310,Micron Technology
311,LiveRamp
312,Babylon Health
313,Opendoor
314,Ebay
315,EBAY
316,KPMG
317,Athenahealth
318,OpenTable
319,Arista
320,zillow
321,Zulily
322,Addepar
323,FactSet
324,NXP
325,APPLE
326,AMAZON
327,SurveyMonkey
328,EPAM
329,Booking
330,Ford
331,Adyen
332,Aruba Networks
333,NIO
334,paypal
335,SolarWinds
336,servicenow
337,Palantir
338,Vimeo
339,Tripadvisor
340,Hubspot
341,HubSpot
342,23andMe
343,Procore
344,Just Eat
345,Bukalapak
346,cisco systems
347,Expedia Group
348,Nokia
349,Priceline
350,Argo AI
351,Samsung Research America
352,World Wide Technology
353,Nuro
354,Pivotal
355,Xilinx
356,Coursera
357,Algolia
358,Cvent
359,MathWorks
360,Fractal Analytics
361,Virtu Financial
362,Schlumberger
363,Gojek
364,Dolby Laboratories
365,Citi
366,Chegg
367,illumina
368,Commvault
369,Blackrock
370,arista
371,yahoo
372,palo alto networks
373,Bluecore
374,cloudera
375,DoorDash
376,Nordstrom
377,Charles Schwab
378,8x8
379,MixPanel
380,Fujitsu
381,Mobileiron
382,Cerner
383,Juniper
384,New Relic
385,Thumbtack
386,Paypal
387,JCPenney
388,Careem
389,Red Ventures
390,AppDirect
391,Segment
392,Sysdig
393,FICO
394,McAfee
395,Teradata
396,HBO
397,Micron technology
398,CGI
399,Lendingclub
400,Publicis Sapient
401,Bird
402,Arm
403,IQVIA
404,Convoy
405,Instacart
406,Novetta
407,ibm
408,Peloton
409,Akamai Technologies
410,Skyscanner
411,Ellie Mae
412,Medtronic
413,AMD
414,athenahealth
415,NTT Data
416,Rackspace
417,Metromile
418,mailchimp
419,ARM
420,Hitachi
421,Synopsys
422,NORTHROP GRUMMAN
423,ExxonMobil
424,Ansys
425,Informatica
426,Lockheed Martin
427,General Atomics
428,Fannie Mae
429,Slalom
430,Nubank
431,Ford Motor Company
432,Cadence design systems
433,Wolters Kluwer
434,Neustar
435,Kaiser Permanente
436,Discover
437,MassMutual
438,Texas Instruments
439,Experian
440,General Electric
441,Shopee
442,Panasonic Avionics
443,Palo Alto networks
444,Leidos
445,Infosys
446,Vistaprint
447,KLA
448,NCR
449,Cadence Design Systems
450,Elastic
451,Course Hero
452,Microchip
453,Silicon Labs
454,Aptiv
455,Liberty Mutual Insurance
456,TrueCar
457,Traveloka
458,Icims
459,Marvell
460,Shutterstock
461,Jane Street Capital
462,Amdocs
463,Rakuten
464,Nerdwallet
465,Walmart labs
466,F5 Networks
467,Huawei
468,Ge digital
469,Clever
470,Amazon web services
471,Procter & Gamble
472,Netskope
473,Eventbrite
474,SAP Concur
475,CrowdStrike
476,Ericsson
477,AppFolio
478,Moody's Analytics
479,smartsheet
480,Costco
481,Betterment
482,PwC
483,CISCO
484,Servicenow
485,Better.com
486,Mindtree
487,Cornerstone onDemand
488,veeva systems
489,Mathworks
490,Cisco Meraki
491,WP Engine
492,Juniper networks
493,Epic Games
494,Thoughtworks
495,Zoox
496,Blackstone
497,MSFT
498,Coupang
499,Acorns
500,Costar Group
501,Criteo
502,Raytheon
503,Audible
504,Realtor.com
505,indeed
506,Geico
507,MasterCard
508,Genentech
509,loanDepot
510,Smartsheet
511,Robinhood
512,Optiver
513,n/a
514,Factset
515,Esri
516,Cigna
517,Chevron
518,Mentor Graphics
519,Ocado Technology
520,mapbox
521,snapchat
522,nvidia
523,Synaptics
524,AthenaHealth
525,MITRE
526,Roblox
527,Lucid Software
528,wework
529,The Trade Desk
530,Sumo Logic
531,Endava
532,Kohl's
533,intuit
534,Relativity
535,Hashicorp
536,Amazon.com
537,Petuum
538,CACI
539,Yext
540,Travelport
541,Keeptruckin
542,discover
543,Integral Ad Science
544,HashiCorp
545,Trimble
546,Appian
547,wells fargo
548,Oscar Health
549,Bosch
550,Databricks
551,Abbott
552,hpe
553,BlackRock
554,Sage
555,Vrbo
556,Okta
557,fuboTV
558,On Semiconductor
559,2U
560,Docusign
561,Blink Health
562,Optimizely
563,raytheon
564,Hootsuite
565,Barracuda Networks
566,Samsung Electronics America
567,Amazon Web Services
568,Best Buy
569,Cohesity
570,Stitch Fix
571,Tenable
572,ActiveCampaign
573,Razorpay
574,LeanTaaS
575,American express
576,Manulife
577,CoverMyMeds
578,Domo
579,InVision
580,Granular
581,Ultimate Software
582,Gartner
583,BCG Digital Ventures
584,Swiggy
585,Johnson and Johnson
586,H-E-B
587,Drift.com
588,Andela
589,Mapbox
590,american airlines
591,Nielsen
592,Fifth Third Bank
593,WePay
594,Elsevier
595,Principal Financial Group
596,Interactive Brokers
597,grab
598,Fast Enterprises
599,sap
600,Dassault Systemes
601,Xandr
602,intuitive surgical
603,Gusto
604,Aruba
605,Carta
606,wayfair
607,Tata Consultancy Services
608,Veeva Systems
609,Willis Towers Watson
610,Bose
611,Capital one
612,ixl learning
613,Scale AI
614,RetailMeNot
615,Infosys Ltd
616,Ernst & Young
617,ManTech International
618,L3Harris
619,TomTom
620,Costco Wholesale
621,BNY Mellon
622,Costco wholesale
623,Automattic
624,Equifax
625,BAE Systems
626,Latch
627,cisco
628,Carvana
629,PNC
630,Fidelity Investments
631,Vanguard
632,Fiserv
633,Brex
634,Wealthsimple
635,Aetna
636,tesla
637,Overstock
638,Dialpad
639,HP Inc
640,Scotiabank
641,Enova International
642,AMazon
643,State Farm
644,Ciena
645,Aruba networks
646,Deutsche Bank
647,Tencent
648,SONY
649,StartUp
650,Perficient
651,PayTm
652,Clearbanc
653,Confluent
654,Bloomberg LP
655,Iterable
656,MongoDB
657,Duolingo
658,Fortinet
659,AppDynamics
660,CircleCI
661,SoftServe
662,Cognizant Technology Solutions
663,Analog Devices
664,Asana
665,prudential financial
666,Here Technologies
667,Waymo
668,Deliveroo
669,Appfolio
670,Zebra Technologies
671,uber
672,Fanduel
673,IGT
674,Plaid
675,LEIDOS
676,Blue Origin
677,BrowserStack
678,GoCardless
679,Clearwater Analytics
680,Mastercard
681,PhonePe
682,Clover Health
683,Natera
684,Synchrony
685,Refinitiv
686,Checkr
687,American family insurance
688,Messagebird
689,gojek
690,Upstart
691,Cadence Design systems
692,CDK Global
693,Irobot
694,Toast
695,Sophos
696,Discover Financial Services
697,Bazaarvoice
698,alibaba
699,Wipro
700,Parsons
701,Wise
702,Podium
703,Quicken Loans
704,JP Morgan
705,Niantic
706,Liveramp
707,DraftKings
708,Avaya
709,Hsbc
710,Red hat
711,Quantumblack
712,sony
713,Optum
714,Oscar
715,commvault
716,Societe Generale
717,Humana
718,Tempus
719,Rapid7
720,Blackhawk Network
721,RBC
722,IHS Markit
723,Disney Streaming Services
724,Anaplan
725,atlassian
726,LogMeIn
727,Dexcom
728,Vonage
729,Contentful
730,nxp semiconductors
731,Epam Systems
732,Seagate
733,Alarm.com
734,Susquehanna International Group
735,Lumentum
736,Trend Micro
737,Cockroach Labs
738,Tesco
739,ING
740,Klarna
741,TCS
742,Cyngn
743,LivePerson
744,Unisys
745,Jump Trading
746,Hudson River Trading
747,CBS Interactive
748,Sabre
749,Flatiron Health
750,Micron
751,Ibotta
752,proofpoint
753,Avalara
754,Internet Brands
755,leidos
756,Olo
757,Auth0
758,Aws
759,Sprout Social
760,Anonymous
761,Thomson Reuters
762,Zoominfo
763,Commscope
764,Zeta
765,Improbable
766,Robert Half
767,Thermo Fisher Scientific
768,Johnson Controls
769,idemia
770,3m
771,3M
772,cgi
773,Agoda
774,Morningstar
775,The home depot
776,brex
777,Cargurus
778,Crowdstrike
779,JP Morgan Chase
780,ThoughtSpot
781,Mendix
782,Opentext
783,Amobee
784,Danaher
785,Zalando
786,Glassdoor
787,Jane Street
788,The New York Times Company
789,Snapchat
790,Tinder
791,TSMC
792,Doordash
793,Sberbank
794,Couchbase
795,fastly
796,McKinsey
797,logmein
798,Truecar
799,McKesson
800,Upwork
801,SAS Institute
802,Zenefits
803,E*Trade
804,Webflow
805,Tinkoff
806,Garmin
807,CoStar Group
808,Chick-fil-A
809,Deutsche bank
810,CBRE
811,Ibm
812,Motorola Solutions
813,Western digital
814,Pariveda Solutions
815,IXL Learning
816,Genpact
817,HSBC
818,bosch
819,GE Healthcare
820,Two sigma
821,Turbonomic
822,PagerDuty
823,Idemia
824,NBCUniversal
825,Capsule
826,Nxp
827,Sonos
828,State Street
829,Schneider Electric
830,Paytm
831,Thought Machine
832,Squarepoint Capital
833,GOLDMAN SACHS
834,Grid Dynamics
835,Fis
836,Globallogic
837,Publicis sapient
838,pandora
839,Mphasis
840,Root Insurance
841,Meijer
842,Fedex
843,TriNet
844,GitLab
845,HelloFresh
846,Lenovo
847,Acquia
848,goldman sachs
849,Weave
850,One Medical
851,Ally
852,adidas
853,Fireeye
854,Swisscom
855,Adidas
856,Farfetch
857,Mckesson
858,Tradeweb
859,Zoho
860,Stack Overflow
861,Genesys
862,Fastly
863,Delta Air Lines
864,Mediaocean
865,ServiceTitan
866,Weedmaps
867,NortonLifeLock
868,Rent the Runway
869,Pegasystems
870,Wix
871,Charter Communications
872,GENERAL ATOMICS
873,EBay
874,google llc
875,JPMorgan
876,John Deere
877,Pagerduty
878,OPPO
879,swiggy
880,Turo
881,Kayak
882,Bolt (EU)
883,Houzz
884,Change.org
885,MUFG
886,National instruments
887,Dish Network
888,SmartSheet
889,Applied materials
890,Appdynamics
891,Globant
892,Wepay
893,TaskRabbit
894,microstrategy
895,Discovery
896,Coupa
897,Xing
898,iHeartRadio
899,Thoughtspot
900,fico
901,Patreon
902,Button
903,Liveperson
904,XILINX
905,BCG
906,synopsys
907,Swiss Re
908,SoundCloud
909,Ernst and Young
910,Conduent
911,CommScope
912,CiSco
913,Gigamon
914,Motorola
915,Credit Suisse
916,Buildium
917,Cisco systems
918,GEICO
919,Bain
920,twitch
921,Apple Inc.
922,Snowflake
923,vrbo
924,Here
925,Wealthfront
926,Unilever
927,Ivanti
928,Panasonic
929,SAMSUNG
930,DXC Technology
931,netskope
932,ByteDance
933,Dish
934,Macy's
935,LEK
936,XPO Logistics
937,Nuance Communications
938,Apptio
939,Juul Labs
940,Fanatics
941,iRobot
942,IDEMIA
943,globalfoundries
944,American Family Insurance
945,Vmware
946,GOJEK
947,Amplitude
948,CBS interactive
949,Freddie mac
950,World wide technology
951,Rappi
952,magic leap
953,Unity Technologies
954,barracuda networks
955,keeptruckin
956,Figma
957,Guidewire Software
958,Philips
959,Comscore
960,Revolut
961,Citibank
962,FIS
963,zoox
964,Wish
965,Raytheon Technologies
966,Blend
967,Synechron
968,TIAA
969,Intersystems
970,Autonomic
971,WarnerMedia
972,RingCentral
973,epsilon
974,ICF
975,argo ai
976,DTCC
977,SYNOPSYS
978,Charles schwab
979,Loom
980,Microstrategy
981,Better Mortgage
982,CIsco
983,cibc
984,Loandepot
985,Deloitte Consulting
986,iCIMS
987,walmart labs
988,Jet Propulsion Laboratory
989,Lucid Motors
990,Mail.Ru Group
991,Allstate
992,Excella
993,Sonder
994,StubHub
995,Oliver Wyman
996,PlayVS
997,Chime
998,Telus
999,Numerator
1000,Mcafee
1001,Juniper Square
1002,panasonic
1003,CIena
1004,IHeartRadio
1005,Circle
1006,Logitech
1007,Allianz
1008,Pearson
1009,shopee
1010,Ciklum
1011,Glu Mobile
1012,UnitedHealth Group
1013,Intuitive
1014,AppLovin
1015,AIG
1016,CME Group
1017,airbnb
1018,Nuance
1019,ON Semiconductor
1020,Lowes
1021,RBS
1022,Remitly
1023,Cabify
1024,cloudflare
1025,Tower Research Capital
1026,C3.ai
1027,Mail.ru Group
1028,Bayer
1029,AT Kearney
1030,Paylocity
1031,Doximity
1032,GSK
1033,ultimate software
1034,visa
1035,iManage
1036,Dish network
1037,Iheartradio
1038,Bolt
1039,Deloitte Consulting LLP
1040,united airlines
1041,Strategy by PwC
1042,Southwest Airlines
1043,Cirrus Logic
1044,KPIT
1045,twitter
1046,Verint
1047,Pure storage
1048,Cummins
1049,american express
1050,workday
1051,United Airlines
1052,Bill.com
1053,virtusa
1054,StockX
1055,Monzo
1056,Willis towers watson
1057,zillow group
1058,Google LLC
1059,nuance communications
1060,Carmax
1061,ZS Associates
1062,ZipRecruiter
1063,Micro Focus
1064,Teksystems
1065,Glu mobile
1066,cohesity
1067,Poshmark
1068,Boston Consulting Group
1069,Cornerstone Ondemand
1070,CSG
1071,STChealth
1072,Staples
1073,Goldman sachs
1074,Dream11
1075,coupang
1076,TD Bank
1077,Bain & Company
1078,Chase
1079,Grofers
1080,Albertsons
1081,lockheed martin
1082,mastercard
1083,McDonald's
1084,axon
1085,cvs health
1086,Mediatek
1087,liberty mutual
1088,Silicon Valley Bank
1089,Rally health
1090,Visa inc
1091,Puppet
1092,EY-parthenon
1093,Sprinklr
1094,Sephora
1095,Tiaa
1096,juniper
1097,Codecademy
1098,OfferUp
1099,Delivery Hero
1100,Ford Motor
1101,capgemini
1102,DISH
1103,Bytedance
1104,Quest Diagnostics
1105,Daimler
1106,NASDAQ
1107,Netapp
1108,7-Eleven
1109,ticketmaster
1110,Qualia
1111,Scribd
1112,cerner
1113,InMobi
1114,General Mills
1115,verizon
1116,Rippling
1117,Continental
1118,Workiva
1119,Wework
1120,Tokopedia
1121,Postman
1122,cognizant technology solutions
1123,HCL Technologies
1124,Alaska Airlines
1125,Blue Yonder
1126,PepsiCo
1127,JUUL Labs
1128,Buzzfeed
1129,Cure.fit
1130,Phonepe
1131,chewy
1132,IMC
1133,Fannie mae
1134,verkada
1135,Lowe's
1136,Virtusa
1137,Shell
1138,Bigcommerce
1139,T-mobile
1140,Paycom
1141,Global Payments
1142,CVS Health
1143,Rivian
1144,Fetch Rewards
1145,Lam Research
1146,Mercer
1147,Gojek Tech
1148,Glovo
1149,Dow Jones
1150,Playstation
1151,ViacomCBS
1152,Roche
1153,BuzzFeed
1154,Nintendo
1155,Bandwidth
1156,Collective Health
1157,N26
1158,The D. E. Shaw Group
1159,Freddie Mac
1160,Gemini
1161,Mitchell International
1162,Nasdaq
1163,Johnson & Johnson
1164,Sift
1165,MessageBird
1166,Zoom
1167,Prudential Financial
1168,Policygenius
1169,MicroStrategy
1170,Arcesium
1171,Hyperscience
1172,Akuna Capital
1173,Hopper
1174,InterSystems
1175,Arrival
1176,Makemytrip
1177,Kpmg
1178,Wipro Limited
1179,TEKsystems
1180,Bloomberg lp
1181,Maxar Technologies
1182,Bosch Global
1183,Verisign
1184,CIBC
1185,Bny Mellon
1186,Loblaw Digital
1187,Verily Life Sciences
1188,Samsung research America
1189,Toyota USA
1190,The Hartford
1191,Klaviyo
1192,iHerb
1193,Snapdocs
1194,Global payments
1195,STCHealth
1196,Merck
1197,Msft
1198,Moody's
1199,LTI
1200,apptio
1201,GlobalLogic
1202,KeepTruckin
1203,QUEST DIAGNOSTICS
1204,Stash
1205,Kajabi
1206,HomeAdvisor
1207,NextEra Analytics
1208,lyft
1209,Epsilon
1210,SquarePoint capital
1211,Nextera Analytics
1212,Afterpay
1213,ZS
1214,nokia
1215,metlife
1216,bytedance
1217,vizio
1218,Dell
1219,EY-Parthenon
1220,Asus
1221,Deloitte Advisory
1222,American Airlines
1223,FireEye
1224,startup
1225,TransUnion
1226,chase
1227,nutanix
1228,wish
1229,Kraken
1230,seagate
1231,BNP Paribas
1232,G-Research
1233,S&P Global
1234,Oyo
1235,arm
1236,Altran
1237,Volkswagen
1238,Tyler Technologies
1239,Stubhub
1240,Csg
1241,DataRobot
1242,Ping Identity
1243,Activecampaign
1244,Guardant health
1245,Guardant Health
1246,HERE
1247,Bumble
1248,applied materials
1249,LogmeIn
1250,Guidehouse
1251,SAS institute
1252,Ola
1253,Boston consulting group
1254,Shipt
1255,Talend
1256,Metlife
1257,Gap
1258,HP inc
1259,Ubs
1260,Credit suisse
1261,Microsoft Corporation
1262,JPMORGAN
1263,Sisense
1264,Airbus
1265,microsoft corporation
1266,CapTech
1267,Airtable
1268,Jio
1269,pwc
1270,Point72
1271,Browserstack
1272,Bank Of America
1273,citi
1274,League
1275,Tipalti
1276,NTT DATA
1277,ORACLE
1278,Airtel India
1279,ZS associates
1280,micron
1281,Sap
1282,instacart
1283,bcg
1284,Workhuman
1285,DataArt
1286,warby parker
1287,Deliverr
1288,Intercontinental Exchange
1289,infinera
1290,TikTok
1291,Test
1292,FTI Consulting
1293,Mckinsey
1294,amgen
1295,synaptics
1296,auth0
1297,GlobalFoundries
1298,Nxp semiconductors
1299,fortinet
1300,MarketAxess
1301,DISH Network
1302,walmart
1303,Headspace
1304,LendingTree
1305,The Voleon Group
1306,Motional
1307,UKG
1308,SCHNEIDER ELECTRIC
1309,Illumina
1310,Bank of america
1311,Tiktok
1312,analog devices
1313,deloitte
1314,Edwards Lifesciences
1315,beyond limits
1316,ABB
1317,DoubleVerify
1318,MIcrosoft
1319,Verkada
1320,zoominfo
1321,BazaarVoice
1322,Moody's analytics
1323,cadence design systems
1324,GOogle
1325,UBER
1326,Earnest
1327,Adevinta
1328,Truckstop.com
1329,Aurora
1330,Ge
1331,fiserv
1332,Logmein
1333,Verizon Media
1334,Quest diagnostics
1335,Faire
1336,SPS Commerce
1337,jp morgan
1338,schlumberger
1339,Nice
1340,canva
1341,tripadvisor
1342,Attentive
1343,coupa
1344,Xendit
1345,John Hancock
1346,Discord
1347,Transunion
1348, Google
1349,HackerRank
1350,Grammarly
1351,national instruments
1352,Exxonmobil
1353,ASUS
1354,Spectrum
1355,FullStory
1356,Johnson
1357,Office Depot
1358,CarGurus
1359,Zomato
1360,Ironclad
1361,coupa software
1362,EverQuote
1363,Moveworks
1364,VIZIO
1365,Alphasights
1366,Ringcentral
1367,BLOOMBERG LP
1368,kpmg
1369,Intel corporation
1370,U.S. Bank
1371,Supermicro
1372,ubs
1373,MediaTek
1374,shutterstock
1375,yandex
1376,Rent The Runway
1377,stubhub
1378,Veritas technologies
1379,Amd
1380,c3.ai
1381,Alation
1382,american family insurance
1383,media.net
1384,Khoros
1385,Deutsche Telekom
1386,edX
1387,Cgi group
1388,IRobot
1389,Tekion
1390,dexcom
1391,EquipmentShare
1392,Red ventures
1393,QuantumBlack
1394,Tcs
1395,Cirrus logic
1396,BlackBerry
1397,Clari
1398,Carrier
1399,Gitlab
1400,INTEL corporation
1401,Manhattan Associates
1402,Doctolib
1403,ocado technology
1404,blend
1405,Canva
1406,trinet
1407,Dynatrace
1408,L3Harris Technologies
1409,Mutual Of Omaha
1410,udaan.com
1411,FLEXE
1412,JPmorgan Chase
1413,zapier
1414,Fullstory
1415,keysight
1416,Anduril Industries
1417,Wattpad
1418,Kla
1419,VolksWagen
1420,Degreed
1421,E*TRADE
1422,Bankers Healthcare Group
1423,Jp Morgan
1424,tipalti
1425,Five Rings
1426,Amgen
1427,General Dynamics Mission Systems
1428,Starling Bank
1429,SailPoint
1430,bank of america
1431,Collins aerospace
1432,Centene
1433,TuSimple
1434,FedEx
1435,Illumio
1436,10x Genomics
1437,TELUS
1438,CloudKitchens
1439,adobe
1440,AlphaSights
1441,Korn Ferry
1442,Teladoc Health
1443,Cure.Fit
1444,Top Hat
1445,test
1446,citadel
1447,Quantiphi
1448,liveperson
1449,mphasis
1450,Motorola solutions
1451,Virtu financial
1452,Udaan.com
1453,SS&C Technologies
1454,DiDi
1455,Zapier
1456,chevron
1457,Match
1458,Nylas
1459,OneTrust
1460,VERISIGN
1461,DRW
1462,CGI Group
1463,Cognizant Technology solutions
1464,Procore Technologies
1465,First Republic bank
1466,SAS Software
1467,Wells fargo
1468,Massmutual
1469,Blackline
1470,Deloitte consulting
1471,Clear Street
1472,comcast
1473,foursquare
1474,SingleStore
1475,lenovo
1476,CACI International
1477,Egen Solutions
1478,HP INC
1479,wipro
1480,capsule
1481,Indigo
1482,TATA Consultancy Services
1483,Beyond Limits
1484,Bridgewater Associates
1485,RentPath
1486,MakeMyTrip
1487,First Republic Bank
1488,Jp morgan chase
1489,couchbase
1490,GE Aviation
1491,amplitude
1492,Zappos
1493,Cox Enterprises
1494,HCA Healthcare
1495,GE HEALTHCARE
1496,Hellofresh
1497,DoctoLib
1498,ActionIQ
1499,Jpmorgan
1500,tcs
1501,Instabase
1502,lowes
1503,Benchling
1504,Infoblox
1505,Amzon
1506,Rescale
1507,Renesas Electronics
1508,Soroco
1509,intel corporation
1510,ZoomInfo
1511,General Dynamics Information Technology
1512,XING
1513,InvestCloud
1514,Trinet
1515,TOAST
1516,truckstop.com
1517,other
1518,Constant contact
1519,GE healthcare
1520,Retailmenot
1521,Media.net
1522,Sofi
1523,ge healthcare
1524,goPuff
1525,Microchip Technology
1526,Astrazeneca
1527,Everquote
1528,CISCO SYSTEMS
1529,Warnermedia
1530,Pnc
1531,Hp Inc
1532,Blackberry
1533,PWC
1534,PTC
1535,Taskrabbit
1536,On semiconductor
1537,NASA JPL
1538,TIBCO Software
1539,airbus
1540,policygenius
1541,Cambia health solutions
1542,Meesho
1543,BlockFi
1544,NXP Semiconductors
1545,ResMed
1546,Thought machine
1547,target
1548,TD bank
1549,Pwc
1550,Warby Parker
1551,agoda
1552,WHOOP
1553,BigCommerce
1554,Ceridian
1555,DREAM11
1556,Servicetitan
1557,roche
1558,FanDuel
1559,bandwidth
1560,hitachi
1561,chegg
1562,Infinera
1563,MURAL
1564,BlackLine
1565,CarMax
1566,liberty mutual insurance
1567,altran
1568,box
1569,mcafee
1570,Ubiquiti
1571,Vizio
1572,7-eleven
1573,Cloudkitchens
1574,Care.com
1575,Gopuff
1576,ANSYS
1577,realtek
1578,"Macy's,"
1579,oppo
1580,opentext
1581,Align technology
1582,taskrabbit
1583,rapid7
1584,DAZN Group
1585,Inmobi
1586,siemens
1587,Doubleverify
1588,AstraZeneca
1589,MetLife
1590,Mural
1591,MAXAR Technologies
1592,PDT Partners
1593,peloton
1594,Realtek
1595,Synology
1596,Appier
1597,Tsmc
1598,Pegatron
1599,GE digital
1600,postmates
1601,Coupa software
1602,MailChimp
1603,veritas technologies
1604,macy's
1605,VmWare
1606,SalesForce
1607,tableau software
