1,"Redwood City, CA"
2,"Seattle, WA"
3,"Sunnyvale, CA"
4,"Redmond, WA"
5,"San Francisco, CA"
6,"Bellevue, WA"
7,"Cupertino, CA"
8,"Mountain View, CA"
9,"Los Gatos, CA"
10,"Dublin, DN, Ireland"
11,"Menlo Park, CA"
12,"Sacramento, CA"
13,"Hillsboro, OR"
14,"Cambridge, EN, United Kingdom"
15,"Aliso Viejo, CA"
16,"San Jose, CA"
17,"Bangalore, KA, India"
18,"New York, NY"
19,"Palo Alto, CA"
20,"Kirkland, WA"
21,"Washington, DC"
22,"Austin, TX"
23,"Boston, MA"
24,"San Diego, CA"
25,"London, EN, United Kingdom"
26,"New Orleans, LA"
27,"Irvine, CA"
28,"San Ramon, CA"
29,"Santa Clara, CA"
30,"Los Angeles, CA"
31,"Charleston, SC"
32,"Moscow, MC, Russia"
33,"Vancouver, BC, Canada"
34,"Culver City, CA"
35,"Mc Lean, VA"
36,"Portland, OR"
37,"Boulder, CO"
38,"Pleasanton, CA"
39,"Fremont, CA"
40,"Beaverton, OR"
41,"Omaha, NE"
42,"Waltham, MA"
43,"Philadelphia, PA"
44,"Milwaukee, WI"
45,"Minneapolis, MN"
46,"Amsterdam, NH, Netherlands"
47,"Zurich, ZH, Switzerland"
48,"Singapore, SG, Singapore"
49,"Chicago, IL"
50,"Herndon, VA"
51,"Denver, CO"
52,"Berlin, BE, Germany"
53,"Hyderabad, TS, India"
54,"Albany, NY"
55,"Hoboken, NJ"
56,"Tokyo, TY, Japan"
57,"Waterloo, ON, Canada"
58,"Newark, NJ"
59,"Chandler, AZ"
60,"Colorado Springs, CO"
61,"Stockholm, ST, Sweden"
62,"San Bruno, CA"
63,"San Mateo, CA"
64,"Richmond, VA"
65,"Phoenix, AZ"
66,"Dallas, TX"
67,"Round Rock, TX"
68,"Oakland, CA"
69,"Melbourne, VI, Australia"
70,"Saint Petersburg, SP, Russia"
71,"Madison, WI"
72,"Broomfield, CO"
73,"Monroe, LA, United States"
74,"Harrisburg, PA"
75,"Warsaw, MZ, Poland"
76,"Cincinnati, OH"
77,"Munich, BY, Germany"
78,"Jersey City, NJ"
79,"Beijing, BJ, China"
80,"Durham, NC"
81,"Telford, EN, United Kingdom"
82,"Burlington, MA"
83,"Pune, MH, India"
84,"Raleigh, NC"
85,"Pittsburgh, PA"
86,"Orlando, FL"
87,"Folsom, CA"
88,"Cambridge, MA, United States"
89,"Indianapolis, IN"
90,"Toronto, ON, Canada"
91,"Oregon City, OR"
92,"Renton, WA"
93,"Atlanta, GA"
94,"Roseland, NJ"
95,"Reston, VA"
96,"Santa Monica, CA"
97,"Chantilly, VA"
98,"Plano, TX"
99,"New York Mills, NY"
100,"Needham, MA"
101,"Foster City, CA"
102,"Los Altos, CA"
103,"Woonsocket, RI"
104,"Milpitas, CA"
105,"Gurgaon, HR, India"
106,"Champaign, IL"
107,"Fort Lauderdale, FL"
108,"Salt Lake City, UT"
109,"Paris, IL, France"
110,"Islamabad, IS, Pakistan"
111,"Winston Salem, NC"
112,"Morrisville, NC"
113,"Roswell, GA"
114,"St. Louis, MO"
115,"Montreal, QC, Canada"
116,"Cambridge, MA"
117,"Chennai, undefined, India"
118,"Auckland, AU, New Zealand"
119,"Copenhagen , SK, Denmark"
120,"Columbus, OH"
121,"Detroit, MI"
122,"Lille, NO, France"
123,"Markham, ON, Canada"
124,"Hong Kong, HK, Hong Kong (SAR)"
125,"Tel Aviv, TA, Israel"
126,"Redondo Beach, CA"
127,"Whippany, NJ"
128,"Sydney, NS, Australia"
129,"Madrid, MD, Spain"
130,"San Antonio, TX"
131,"Dubai, DU, United Arab Emirates"
132,"Albuquerque, NM"
133,"Tempe, AZ"
134,"Newtown Square, PA"
135,"Yorktown Heights, NY"
136,"Gdansk, PM, Poland"
137,"Boxborough, MA"
138,"Cary, NC"
139,"Tampa, FL"
140,"Bentonville, AR"
141,"Charlotte, NC"
142,"Hartford, CT"
143,"Burlington, VT"
144,"Bothell, WA"
145,"Plantation Acres, FL"
146,"Houston, TX"
147,"Cedar Rapids, IA"
148,"Colorado City, CO"
149,"Emeryville, CA"
150,"Haifa, HA, Israel"
151,"Vancouver, WA"
152,"Luxembourg, LU, Luxembourg"
153,"Lehi, UT"
154,"Berkeley, CA"
155,"Sofia, SF, Bulgaria"
156,"Brisbane, QL, Australia"
157,"Hudson, MA"
158,"Costa Mesa, CA"
159,"Kansas City, KS"
160,"Dulles, VA"
161,"Bristol, EN, United Kingdom"
162,"Santa Rosa, CA"
163,"Allentown, PA"
164,"Santa Barbara, CA"
165,"Barcelona, CT, Spain"
166,"Cleveland, OH"
167,"Vienna, VA"
168,"Wroclaw, DS, Poland"
169,"Grand Rapids, MI"
170,"Nashua, NH"
171,"Sandy, UT"
172,"Mount Laurel, NJ"
173,"Boise, ID"
174,"Arlington, VA"
175,"Ellicott City, MD"
176,"Norwalk, CT"
177,"Sterling, VA"
178,"Manchester, NH"
179,"Duluth, GA"
180,"Jakarta, JK, Indonesia"
181,"Long Beach, CA"
182,"Littleton, MA"
183,"San Juan, PR, Puerto Rico"
184,"Taipei, TP, Taiwan"
185,"Poughkeepsie, NY"
186,"Nashville, TN"
187,"Iasi, IS, Romania"
188,"Natick, MA"
189,"Manhattan, NY"
190,"Hopkinton, MA"
191,"Middletown, NJ"
192,"New Delhi, DL, India"
193,"Chennai, TN, India"
194,"Lodz, LD, Poland"
195,"Warren, MI"
196,"Kansas City, MO"
197,"Canberra, CT, Australia"
198,"Fort Mill, SC"
199,"Wilmington, DE"
200,"Sindelfingen, BW, Germany"
201,"Calgary, AB, Canada"
202,"Lausanne, VD, Switzerland"
203,"Heidelberg, BW, Germany"
204,"Point Richmond, CA"
205,"Frankfurt, HE, Germany"
206,"Reading, EN, United Kingdom"
207,"Cologne, NW, Germany"
208,"Warren, NJ"
209,"Milford, MI"
210,"Walnut Creek, CA"
211,"Watertown, MA"
212,"Los Alamitos, CA"
213,"Guadalajara, JA, Mexico"
214,"Walldorf, BW, Germany"
215,"Armonk, NY"
216,"Lenexa, KS"
217,"Canonsburg, PA"
218,"Bridgewater, NJ"
219,"Arlington, TX"
220,"Littleton, CO"
221,"Layton, UT"
222,"Irving, TX"
223,"Krakow, MA, Poland"
224,"California City, CA"
225,"Sparks, NV"
226,"Sao Paulo, SP, Brazil"
227,"Dearborn, MI"
228,"Buffalo Grove, IL"
229,"San Rafael, CA"
230,"Farmington, UT"
231,"Carlsbad, CA"
232,"Lake Forest, CA"
233,"St. Petersburg, FL"
234,"Silver Spring, MD"
235,"Nazareth Illit, HZ, Israel"
236,"Wuppertal, NW, Germany"
237,"Basking Ridge, NJ"
238,"Kwajalein, MH, Marshall Islands"
239,"Jerusalem, JM, Israel"
240,"Deerfield Beach, FL"
241,"Las Tablas, LS, Panama"
242,"Stratford, CT"
243,"Windsor, CT"
244,"Scottsdale, AZ"
245,"Lexington, KY"
246,"Raanana, HM, Israel"
247,"Brooklyn, NY"
248,"Ottawa, ON, Canada"
249,"Clearwater, FL"
250,"Hollywood, CA"
251,"Fort Collins, CO"
252,"Piscataway, NJ"
253,"Brooklyn Park, MN"
254,"Issaquah, WA"
255,"Stamford, CT"
256,"Aspen, CO"
257,"Prague, PR, Czech Republic"
258,"Cork, CK, Ireland"
259,"Bucharest, BU, Romania"
260,"Glasgow, SC, United Kingdom"
261,"NYCHUM, QL, Australia"
262,"Cape Town, WC, South Africa"
263,"Norfolk, VA"
264,"Ann Arbor, MI"
265,"Frisco, TX"
266,"Rocklin, CA"
267,"San Dimas, CA"
268,"Marietta, GA"
269,"South San Francisco, CA"
270,"Sugar Land, TX"
271,"Newark, DE"
272,"Redlands, CA"
273,"Tel Aviv, Israel"
274,"South Jordan, UT"
275,"Santa Cruz, CA"
276,"Tewksbury, MA"
277,"Saint Charles, MO"
278,"Chisinau, CE, Moldova"
279,"Tucson, AZ"
280,"Ridgefield Park, NJ"
281,"Westminster, CO"
282,"Provo, UT"
283,"Aachen, NW, Germany"
284,"Draper, UT"
285,"Kitchener, ON, Canada"
286,"Everett, WA"
287,"Dover, NH"
288,"Bend, OR"
289,"Alpharetta, GA"
290,"Goshen, IN"
291,"Campbell, CA"
292,"Rochester, MN"
293,"Venice, CA"
294,"Princeton, NJ"
295,"Columbia, MD"
296,"Bengaluru, KA, India"
297,"Verona, WI"
298,"American Fork, UT"
299,"Budapest, BU, Hungary"
300,"Des Moines, IA"
301,"Indore, MP, India"
302,"Tallinn, HA, Estonia"
303,"Weston, FL"
304,"Hyderabad, AP, India"
305,"Aarhus, AR, Denmark"
306,"Friday Harbor, WA"
307,"Manhattan Beach, CA"
308,"Raritan, NJ"
309,"Hunt Valley, MD"
310,"Nairobi, NA, Kenya"
311,"Fort Worth, TX"
312,"Noida, UP, India"
313,"Buda, TX"
314,"Baton Rouge, LA"
315,"Fulton, MD"
316,"Milano, LO, Italy"
317,"Exton, PA"
318,"Malvern, PA"
319,"Wimborne Minster, EN, United Kingdom"
320,"Vilnius, VL, Lithuania"
321,"Framingham, MA"
322,"Lagos, LA, Nigeria"
323,"Falls Church, VA"
324,"North Reading, MA"
325,"Brampton, ON, Canada"
326,"Belgium, WI"
327,"Yeovil, EN, United Kingdom"
328,"Roseville, MN"
329,"Londonderry, VT"
330,"Montvale, NJ"
331,"Adelaide, SA, Australia"
332,"Mechanicsburg, PA"
333,"Minnetonka, MN"
334,"Morgantown, WV"
335,"Corvallis, OR"
336,"Kent, WA"
337,"Westford, MA"
338,"Seoul, KG, Korea, South"
339,"Shanghai, SH, China"
340,"Herzliyya, TA, Israel"
341,"Delhi, DL, India"
342,"Jacksonville, FL"
343,"Illinois City, IL"
344,"Richardson, TX"
345,"Kiev, KC, Ukraine"
346,"El Segundo, CA"
347,"Wilmington, MA"
348,"Miami, FL"
349,"Petach Tikva, HM, Israel"
350,"Vienna, WI, Austria"
351,"Goleta, CA"
352,"Edinburgh, SC, United Kingdom"
353,"Hannover, NI, Germany"
354,"Nanjing, JS, China"
355,"Holtsville, NY"
356,"Providence, RI"
357,"Charlottesville, VA"
358,"Southbury, CT"
359,"Mumbai, MH, India"
360,"San Carlos, CA"
361,"Baltimore, MD"
362,"Roseville, CA"
363,"Hoffman Estates, IL"
364,"Bedford, MA"
365,"Cluj-Napoca, CJ, Romania"
366,"Marlborough, MA"
367,"Amman, AM, Jordan"
368,"Belfast, NI, United Kingdom"
369,"Florham Park, NJ"
370,"Alexandria, VA"
371,"Hangzhou, ZJ, China"
372,"Lake Mary, FL"
373,"Claymont, DE"
374,"San Jose, SJ, Costa Rica"
375,"Sumner, WA"
376,"Kokomo, IN"
377,"Hawthorne, CA"
378,"Snoqualmie, WA"
379,"Basingstoke, EN, United Kingdom"
380,"Bangkok, BM, Thailand"
381,"Greenwich, CT"
382,"Ontario, CA"
383,"Burbank, CA"
384,"Leeds, EN, United Kingdom"
385,"Windsor Locks, CT"
386,"Brno, JM, Czech Republic"
387,"Springfield, VA"
388,"Eden Prairie, MN"
389,"Malmo, NE"
390,"Beloit, WI"
391,"Tulsa, OK"
392,"Queretaro, QE, Mexico"
393,"San Luis Obispo, CA"
394,"Moorestown, NJ"
395,"Huntsville, AL"
396,"Saint Paul, MN"
397,"Rome, NY"
398,"St Paul, MN"
399,"Langhorne, PA"
400,"Rotterdam, ZH, Netherlands"
401,"Mississauga, ON, Canada"
402,"Parker, CO"
403,"Usaquen, CU, Colombia"
404,"Fairfax, VA"
405,"Lyon, RH, France"
406,"West Chester, PA"
407,"San Fernando, CA"
408,"Campinas, SP, Brazil"
409,"Canada, KY"
410,"Bogota, DC, Colombia"
411,"Stuttgart, BW, Germany"
412,"Owego, NY"
413,"Oxford, EN, United Kingdom"
414,"Bala Cynwyd, PA"
415,"Skillman, NJ"
416,"Belgrade, SR, Serbia"
417,"Newport Beach, CA"
418,"Memphis, TN"
419,"O Fallon, MO"
420,"Dublin, CA"
421,"Amersfoort, UT, Netherlands"
422,"Fribourg, FR, Switzerland"
423,"Andover, MA"
424,"Newton, MA"
425,"Needham Heights, MA"
426,"Seabrook, NH"
427,"Kyoto, KY, Japan"
428,"Toulouse, MI, France"
429,"Basel, BS, Switzerland"
430,"Zaragoza, AR, Spain"
431,"Bern, BE, Switzerland"
432,"Lisbon, LI, Portugal"
433,"Peterborough, NH"
434,"Guatemala, GU, Guatemala"
435,"Novi Sad, VO, Yugoslavia"
436,"Montevideo, MO, Uruguay"
437,"Hamburg, HH, Germany"
438,"Wichita, KS"
439,"Greenville, TX"
440,"Nottingham, EN, United Kingdom"
441,"Plymouth Meeting, PA"
442,"Portsmouth, NH"
443,"Johnston, IA"
444,"Fredericton, NB, Canada"
445,"Urbandale, IA"
446,"Galway, GY, Ireland"
447,"Tromso, TR, Norway"
448,"Guangzhou, GD, China"
449,"Bratislava, BL, Slovakia"
450,"Dresden, SN, Germany"
451,"Brazil, IN"
452,"Lafayette, LA"
453,"Buffalo, NY"
454,"Downingtown, PA"
455,"Medellin, AN, Colombia"
456,"Utrecht, UT, Netherlands"
457,"Dhaka, DA, Bangladesh"
458,"Gie, HE, Germany"
459,"Fairmont, WV"
460,"Lake Charles, LA"
461,"Annapolis Junction, MD"
462,"Sunrise, FL"
463,"Belo Horizonte, MG, Brazil"
464,"Greenville, SC"
465,"Istanbul, IB, Turkey"
466,"Las Vegas, NV"
467,"Meriden, CT"
468,"Olathe, KS"
469,"Glen Allen, VA"
470,"Aurora, CO"
471,"Pascagoula, MS"
472,"Iowa City, IA"
473,"Pasadena, CA"
474,"Ballston Spa, NY"
475,"Westerville, OH"
476,"Edmonton, AB, Canada"
477,"Carpinteria, CA"
478,"Feltham, EN, United Kingdom"
479,"Chicago Heights, IL"
480,"Virginia Beach, VA"
481,"Murray Hill, NJ"
482,"Helsinki, ES, Finland"
483,"Miami Beach, FL"
484,"Daly City, CA"
485,"Secaucus, NJ"
486,"China, ME"
487,"Louisville, CO"
488,"Greenwood Village, CO"
489,"Manchester, EN, United Kingdom"
490,"King of Prussia, PA"
491,"Geneva, GE, Switzerland"
492,"San Juan Bautista, CA"
493,"London Mills, IL"
494,"Holmdel, NJ"
495,"Petah Tiqva, HM, Israel"
496,"Naperville, IL"
497,"Southlake, TX"
498,"Montreal, MO"
499,"Wayne, NJ"
500,"Florida, NY"
501,"North Charleston, SC"
502,"Newark, CA"
503,"Boca Raton, FL"
504,"Menomonee Falls, WI"
505,"Pennington, NJ"
506,"Shenzhen, GD, China"
507,"Nurnberg, BY, Germany"
508,"Melbourne, FL"
509,"Victoria, BC, Canada"
510,"Sophia-Antipolis, PR, France"
511,"Ogden, UT"
512,"Gainesville, FL"
513,"Allen, TX"
514,"Limerick, LK, Ireland"
515,"Englewood, CO"
516,"Seal Beach, CA"
517,"Columbus, IN"
518,"Oklahoma City, OK"
519,"Reidsville, NC"
520,"Murray, UT"
521,"Aguadilla, PR, Puerto Rico"
522,"Hanover, MD"
523,"Delaware City, DE"
524,"Purchase, NY"
525,"Louisville, KY"
526,"Edison, NJ"
527,"Dusseldorf, NW, Germany"
528,"Saint Peters, MO"
529,"Texas City, TX"
530,"Santiago, RM, Chile"
531,"Arizona City, AZ"
532,"New Hampton, NH"
533,"Halifax, NS, Canada"
534,"Germantown, IL"
535,"Titusville, NJ"
536,"Claremont, CA"
537,"Palm Bay, FL"
538,"West Valley City, UT"
539,"Prineville, OR"
540,"Minsk, HM, Belarus"
541,"Italy, TX"
542,"Warrenville, IL"
543,"Minsk, MI, Belarus"
544,"Sochi, KD, Russia"
545,"Menomonie, WI"
546,"Berlin Center, OH"
547,"Bloomington, IL"
548,"Lansing, MI"
549,"Rehovot, HM, Israel"
550,"Buenos Aires, DF, Argentina"
551,"Newport News, VA"
552,"Ames, IA"
553,"Sarasota, FL"
554,"Gilroy, CA"
555,"Temple, TX"
556,"Burnaby, BC, Canada"
557,"Bethesda, MD"
558,"Londonderry, OH"
559,"Lynn, MA"
560,"Moscow Mills, MO"
561,"Eagan, MN"
562,"Torino, PI, Italy"
563,"Livermore, CA"
564,"Virgilina, VA"
565,"Rockford, IL"
566,"Helena, MT"
567,"Pittsburg, CA"
568,"Johnston, RI"
569,"Schaumburg, IL"
570,"Longmont, CO"
571,"Birmingham, EN, United Kingdom"
572,"Minnesota City, MN"
573,"Manassas, VA"
574,"Rolling Meadows, IL"
575,"Summit, NJ"
576,"Mckinney, TX"
577,"Reno, NV"
578,"Ashburn, VA"
579,"East Hartford, CT"
580,"Spring, TX"
581,"Orange, CA"
582,"Northridge, CA"
583,"Ekaterinburg, SV, Russia"
584,"Munich, ND"
585,"Dearborn Heights, MI"
586,"Alameda, CA"
587,"Goa, GA, India"
588,"Boone, NC"
589,"Guildford, EN, United Kingdom"
590,"White Plains, NY"
591,"Dalian, LN, China"
592,"Portsmouth, RI"
593,"Banganapalle, AP, India"
594,"New Brunswick, NJ"
595,"Boston, AR"
596,"Palmdale, CA"
597,"Bowling Green, OH"
598,"Perth, WA, Australia"
599,"Wilton, CT"
600,"Braga, BR, Portugal"
601,"Columbia, MO"
602,"Azusa, CA"
603,"Suzhou, JS, China"
604,"Winnipeg, MB, Canada"
605,"Lviv, LV, Ukraine"
606,"Mason, OH"
607,"Zug, ZG, Switzerland"
608,"Santa Rosa Beach, FL"
609,"Elkridge, MD"
610,"Eugene, OR"
611,"Indiana, PA"
612,"Amsterdam, NY"
613,"Saratoga Springs, NY"
614,"Plymouth, MI"
615,"Rome, LA, Italy"
616,"Porto, PO, Portugal"
617,"Kuala Lumpur, KL, Malaysia"
618,"Fullerton, CA"
619,"Saint Louis, MI"
620,"Debrecen, HB, Hungary"
621,"Glendale, CA"
622,"Antioch, TN"
623,"Morristown, NJ"
624,"Roanoke, TX"
625,"Fayetteville, NC"
626,"Tualatin, OR"
627,"Gandhinagar, GJ, India"
628,"Brasilia, DF, Brazil"
629,"Trumbull, CT"
630,"Ireland, IN"
631,"Dublin, GA"
632,"RIGA, RI, Latvia"
633,"Riyadh, RI, Saudi Arabia"
634,"Raleigh, ND"
635,"Kolkata, WB, India"
636,"Hatfield, EN, United Kingdom"
637,"Schenectady, NY"
638,"Fukuoka, FK, Japan"
639,"Trivandrum, KL, India"
640,"San Francisco De Dos Rios, SJ, Costa Rica"
641,"Woodland Hills, CA"
642,"Shelton, CT"
643,"Sheffield, EN, United Kingdom"
644,"Waukesha, WI"
645,"Bloomfield, CT"
646,"Hahira, GA"
647,"Dallas Center, IA"
648,"Neuchatel, NE, Switzerland"
649,"Elk Grove, CA"
650,"Lima, LI, Peru"
651,"Mandaluyong City, MM, Philippines"
652,"Nice, PR, France"
653,"Trondheim, ST, Norway"
654,"Northampton, EN, United Kingdom"
655,"Teaneck, NJ"
656,"Karlsruhe, BW, Germany"
657,"Thousand Oaks, CA"
658,"Torrance, CA"
659,"Westport, CT"
660,"Berlin, CT"
661,"Mexico, DF, Mexico"
662,"Iselin, NJ"
663,"Graz, ST, Austria"
664,"Coppell, TX"
665,"Suwon, KG, Korea, South"
666,"Bielefeld, NW, Germany"
667,"San Marcos, CA"
668,"Tracy, CA"
669,"Bloomington, MN"
670,"Oulu, OU, Finland"
671,"Yavne, JM, Israel"
672,"Deerfield, IL"
673,"Kfar saba, HM, Israel"
674,"Franklin, TN"
675,"Sammamish, WA"
676,"Swindon, EN, United Kingdom"
677,"Philipsburg, SM, Netherlands Antilles"
678,"Oldsmar, FL"
679,"Rialto, CA"
680,"Wayne, PA"
681,"Oxford, MS"
682,"Suwanee, GA"
683,"Dortmund, NW, Germany"
684,"Pensacola, FL"
685,"Garner, NC"
686,"Bloomington, IN"
687,"Ho Chi Minh City, HC, Vietnam"
688,"Ankara, AN, Turkey"
689,"Portland, ME"
690,"Liverpool, NY"
691,"Pelham, NH"
692,"Brussels, BU, Belgium"
693,"Yangon, YA, Burma"
694,"Naples, FL"
695,"Rochester, NY"
696,"Dublin, OH"
697,"Schwieberdingen, BW, Germany"
698,"Shawnee Mission, KS"
699,"Manila, MM, Philippines"
700,"Leamington, EN, United Kingdom"
701,"Berwyn, PA"
702,"Belmont, CA"
703,"Tacoma, WA"
704,"Doha, DA, Qatar"
705,"Cypress, CA"
706,"Temecula, CA"
707,"Merrimack, NH"
708,"Overland Park, KS"
709,"Lund, SN, Sweden"
710,"Indian Lake, NY"
711,"Ciudad de Mexico, MX, Mexico"
712,"Auburn Hills, MI"
713,"Northbrook, IL"
714,"Mill Valley, CA"
715,"Kharkiv, KK, Ukraine"
716,"Mountain View, AR"
717,"London, KY"
718,"Kanata, ON, Canada"
719,"Palm Beach, FL"
720,"West Orange, NJ"
721,"Wilsonville, OR"
722,"Clearfield, UT"
723,"Horsham, PA"
724,"Owings Mills, MD"
725,"Novosibirsk, NS, Russia"
726,"Nizhniy Novgorod, NZ, Russia"
727,"Denver City, TX"
728,"New York Mills, MN"
729,"Saskatoon, SK, Canada"
730,"Valdosta, GA"
731,"Winchester, EN, United Kingdom"
732,"Eindhoven, NB, Netherlands"
733,"Bristol, CT"
734,"Troy, MI"
735,"Venice, VE, Italy"
736,"Montpellier, LA, France"
737,"Honolulu, HI"
738,"Hayward, CA"
739,"Kaliningrad, KN, Russia"
740,"McLean, TX"
741,"Gilbert, AZ"
742,"Franklin, WI"
743,"Zapopan, JA, Mexico"
744,"Newcastle Upon Tyne, EN, United Kingdom"
745,"The Hague, ZH, Netherlands"
746,"Martinsburg, WV"
747,"Richmond, CA"
748,"Athens, GA"
749,"Alphen Aan Den Rijn, ZH, Netherlands"
750,"Berlin, GA"
751,"West Palm Beach, FL"
752,"Kalamazoo, MI"
753,"Inwood, WV"
754,"Columbia, SC"
755,"Kherson, MY, Ukraine"
756,"Trenton, NJ"
757,"Thiruvananthapuram, KL, India"
758,"Butte, MT"
759,"Johor Baharu, JH, Malaysia"
760,"Lindau, BY, Germany"
761,"Birmingham, AL"
762,"Saratov, SR, Russia"
763,"Davie, FL"
764,"Erlangen, BY, Germany"
765,"Brighton, EN, United Kingdom"
766,"Hermitage, TN"
767,"Monroe, LA"
768,"Rio Rancho, NM"
769,"Jeddah, MK, Saudi Arabia"
770,"Vermont, IL"
771,"Penang, PG, Malaysia"
772,"McLean, NE"
773,"Fresno, CA"
774,"Tampere, ES, Finland"
775,"Van Nuys, CA"
776,"Westborough, MA"
777,"Parsippany, NJ"
778,"Mesa, AZ"
779,"Arvada, CO"
780,"Rahway, NJ"
781,"Staines, EN, United Kingdom"
782,"Chapel Hill, NC"
783,"Placerville, CA"
784,"Lindon, UT"
785,"Steubenville, OH"
786,"Ingolstadt, BY, Germany"
787,"Fall River, MA"
788,"Leixlip, KE, Ireland"
789,"Germantown, MD"
790,"San Diego, TX"
791,"Norwich, EN, United Kingdom"
792,"Kochi, KL, India"
793,"Sabinsville, PA"
794,"Beer-Sheva, HD, Israel"
795,"Osaka, OS, Japan"
796,"Centreville, VA"
797,"Gliwice, SL, Poland"
798,"Florianopolis, SC, Brazil"
799,"Vacaville, CA"
800,"Suitland, MD"
801,"Reedsville, PA"
802,"Bournemouth, EN, United Kingdom"
803,"Bolivia, NC"
804,"Eatontown, NJ"
805,"Burnsville, MN"
806,"Quebec, QC, Canada"
807,"Dublin, IN"
808,"Traverse City, MI"
809,"Regensburg, BY, Germany"
810,"Suffolk, VA"
811,"Moline, IL"
812,"West Hollywood, CA"
813,"Wellesley, MA"
814,"Nebraska City, NE"
815,"Mahwah, NJ"
816,"South Bend, IN"
817,"Plymouth, MN"
818,"Endicott, NY"
819,"Sao Leopoldo, RS, Brazil"
820,"Collierville, TN"
821,"Cape Girardeau, MO"
822,"Roy, UT"
823,"Oslo, OS, Norway"
824,"Egypt, AR"
825,"Loveland, CO"
826,"Paterson, NJ"
827,"Jamaica Beach, TX"
828,"Waterloo, AL"
829,"Augusta, GA"
830,"Malaga, AN, Spain"
831,"West Chester, OH"
832,"Fargo, ND"
833,"Spokane, WA"
834,"Michigan Center, MI"
835,"York, PA"
836,"Ohio City, OH"
837,"Englewood Cliffs, NJ"
838,"Syracuse, NY"
839,"Columbus, GA"
840,"La Jolla, CA"
841,"Bozeman, MT"
842,"Hauppauge, NY"
843,"North Haven, CT"
844,"Gdynia, PM, Poland"
845,"Abingdon, MD"
846,"Fort Bragg, NC"
847,"Gaithersburg, MD"
848,"Hopewell, NJ"
849,"Toronto, OH"
850,"Angeles City, PM, Philippines"
851,"Gold Coast, QL, Australia"
852,"Sorrento, FL"
853,"Fountain Inn, SC"
854,"Highland Park, NJ"
855,"Frederick, MD"
856,"Chengdu, SC, China"
857,"Crapo, MD"
858,"Odessa, OD, Ukraine"
859,"Tustin, CA"
860,"Bossier City, LA"
861,"Miramar, FL"
862,"Johnson City, TN"
863,"Annandale, VA"
864,"Peachtree City, GA"
865,"Farmington, CT"
866,"Shingle Springs, CA"
867,"Worcester, MA"
868,"Hudson, NH"
869,"Fairfield, CT"
870,"Linthicum Heights, MD"
871,"Palm Springs, CA"
872,"Athlone, WH, Ireland"
873,"Midvale, UT"
874,"Mobile, AL"
875,"Arlington Heights, IL"
876,"Missouri City, MO"
877,"Maple Shade, NJ"
878,"Whitehouse Station, NJ"
879,"Hiawatha, IA"
880,"New Braunfels, TX"
881,"Clifton, NJ"
882,"Burlingame, CA"
883,"La Canada Flintridge, CA"
884,"Heredia, HE, Costa Rica"
885,"Thornton, CO"
886,"Rogers, AR"
887,"Somerville, MA"
888,"Sherbrooke, QC, Canada"
889,"Lod, HM, Israel"
890,"Archbald, PA"
891,"Hazelwood, MO"
892,"Fredericksburg, VA"
893,"Nagoya, AI, Japan"
894,"Poland, IN"
895,"Porto Alegre, RS, Brazil"
896,"Aberdeen Proving Ground, MD"
897,"Santa Maria, CA"
898,"Issy-les-Moulineaux, IL, France"
899,"Fort Knox, KY"
900,"Monterey, CA"
901,"Poway, CA"
902,"Evanston, IL"
903,"Kaneohe, HI"
904,"Moscow, ID"
905,"Simsbury, CT"
906,"Atlanta, NY"
907,"Bellevue, OH"
908,"Fairfax Station, VA"
909,"Veldhoven, NB, Netherlands"
910,"Cheyenne, WY"
911,"Nantes, PA, France"
912,"Columbus Grove, OH"
913,"Gothenburg, VG, Sweden"
914,"Bonn, NW, Germany"
915,"Irvine, PA"
916,"Brea, CA"
917,"Huntington Beach, CA"
918,"California Hot Springs, CA"
919,"Redmond, UT"
920,"Hopewell Junction, NY"
921,"La Crosse, WI"
922,"Accra, AA, Ghana"
923,"Rockville, MD"
924,"Moscow, PA"
925,"Paris, IL"
926,"Bridgeport, CT"
927,"Dayton, OH"
928,"Navi Mumbai, MH, India"
929,"Sunnyvale, TX"
930,"Cochin, KL, India"
931,"Hamilton, NJ"
932,"Washington, VA"
933,"London, WV"
934,"San Jose, IL"
935,"Hillsboro, OH"
936,"Mississippi State, MS"
937,"Holon, TA, Israel"
938,"New Providence, NJ"
939,"Colorado City, AZ"
940,"Camas, WA"
941,"Sacramento, PA"
942,"Hawaiian Gardens, CA"
943,"Dublin, NH"
944,"East Rutherford, NJ"
945,"Johannesburg, GT, South Africa"
946,"Hsin-chu, TP, Taiwan"
947,"Toledo, OH"
948,"Taoyuan, TA, Taiwan"
949,"New Haven, CT"
950,"Watford, EN, United Kingdom"
951,"Almaty, AC, Kazakhstan"
952,"Amstelveen, NH, Netherlands"
953,"Dnepropetrovsk, DP, Ukraine"
954,"Smithfield, RI"
955,"Waukegan, IL"
956,"Lexington Park, MD"
957,"Dublin, PA"
958,"Bergenfield, NJ"
959,"Berkeley Heights, NJ"
960,"hod hasharon, HM, Israel"
961,"Anaheim, CA"
962,"Saint Petersburg, FL"
963,"Woodstock, ON, Canada"
964,"Kazan, TT, Russia"
965,"Oregon, OH"
966,"Fort Myers, FL"
967,"Dublin, TX"
968,"Pennsylvania Furnace, PA"
969,"Stockport, EN, United Kingdom"
970,"Oshawa, ON, Canada"
971,"Concord, NC"
972,"Ulm, BW, Germany"
973,"Detroit, ME"
974,"Valbonne, PR, France"
975,"Pontiac, MI"
976,"Mar del Plata, BA, Argentina"
977,"Neuquen, NQ, Argentina"
978,"Wilmington, NC"
979,"Chester Springs, PA"
980,"Chandler Heights, AZ"
981,"San Leandro, CA"
982,"Charleston, WV"
983,"Tashkent, TO, Uzbekistan"
984,"Cali, VC, Colombia"
985,"Sandisfield, MA"
986,"Plymouth, MA"
987,"San Mateo, FL"
988,"Levis, QC, Canada"
989,"Altrincham, EN, United Kingdom"
990,"Covington, KY"
991,"Taunton, MA"
992,"California, PA"
993,"Allen Park, MI"
994,"Bellevue, ID"
995,"Ridley Park, PA"
996,"Courbevoic, IL, France"
997,"Morris Plains, NJ"
998,"Hsin-Chu County, CN, China"
999,"Yerevan, ER, Armenia"
1000,"Monument, CO"
1001,"Tainan, KH, Taiwan"
1002,"Taichung City, TP, Taiwan"
1003,"Maryland Heights, MO"
1004,"Lake Saint Louis, MO"
1005,"Chu-nan, TW, Taiwan"
1006,"Julianadorp, NH, Netherlands"
1007,"Clementi, SG, Singapore"
1008,"Hoofddorp, NH, Netherlands"
1009,"West McLean, VA"
1010,"Annapolis, MD"
1011,"Tampines, SG, Singapore"
1012,"Woodlands, SG, Singapore"
1013,"Bad Homburg, HE, Germany"
1014,"North Houston, TX"
1015,"Yulee, FL"
1016,"Fort Wayne, IN"
1017,"Mountain View, MO"
1018,"Rabat, RA, Morocco"
1019,"Panchiao, TP, Taiwan"
1020,"Sembawang, SG, Singapore"
1021,"Santa Clarita, CA"
1022,"Shevlin, MN"
1023,"Nineveh, NI, Iraq"
1024,"Edgewater, NJ"
1025,"Shreveport, LA"
1026,"Fort George G Meade, MD"
1027,"Bedok, SG, Singapore"
1028,"Raffles Park, SG, Singapore"
1029,"Cape Canaveral, FL"
1030,"Georgiana, AL"
1031,"London, OH"
1032,"T'ai-chung, TA, Taiwan"
1033,"Port of Spain, PO, Trinidad and Tobago"
1034,"New City, NY"
1035,"Richmond, BC, Canada"
1036,"Taichung City, CN, China"
1037,"Giza, JZ, Egypt"
1038,"Pasir Ris, SG, Singapore"
1039,"Richmond, VA, United States"
1040,"Hilbert, WI"
